val_loss,eff,pur,current_lr,epoch,step,train_loss
0.009998678229749203,0.010917497798800468,0.00013226841110736132,0.00012500002048909664,0,79,
,,,,0,79,0.009999997913837433
